{
  "analysis_date": "2025-12-15T17:14:34.418502",
  "target_user": "XiaomingX",
  "target_repo": "indie-hacker-tools-plus",
  "suspicion_score": "150/140",
  "evidence": {
    "1_low_issue_rate": {
      "value": "0.91%",
      "threshold": "< 1%",
      "score": 30,
      "status": "CRITICAL"
    },
    "2_low_fork_rate": {
      "value": "7.6%",
      "threshold": "< 8%",
      "score": 25,
      "status": "CRITICAL"
    },
    "3_bot_commits": {
      "value": "89%",
      "threshold": "> 80%",
      "score": 25,
      "status": "CRITICAL"
    },
    "4_bulk_creation": {
      "value": 3,
      "threshold": ">= 1",
      "score": 20,
      "status": "CRITICAL"
    },
    "5_time_clustering": {
      "main_cluster_pct": "44.4%",
      "std_deviation": "3.5 min",
      "score": 50,
      "status": "CRITICAL"
    }
  },
  "clusters": {
    "1": {
      "count": 1,
      "mean": 1375.5666666666666,
      "std": 0.0,
      "percentage": 1.0101010101010102
    },
    "2": {
      "count": 1,
      "mean": 980.1666666666666,
      "std": 0.0,
      "percentage": 1.0101010101010102
    },
    "3": {
      "count": 7,
      "mean": 65.1547619047619,
      "std": 7.338384160438032,
      "percentage": 7.07070707070707
    },
    "4": {
      "count": 44,
      "mean": 4.296212121212123,
      "std": 3.471316199516372,
      "percentage": 44.44444444444444
    },
    "5": {
      "count": 36,
      "mean": 25.362037037037037,
      "std": 7.649963296844809,
      "percentage": 36.36363636363637
    },
    "6": {
      "count": 3,
      "mean": 311.50555555555553,
      "std": 41.23375624801829,
      "percentage": 3.0303030303030303
    },
    "7": {
      "count": 2,
      "mean": 208.63333333333333,
      "std": 15.483333333333334,
      "percentage": 2.0202020202020203
    },
    "8": {
      "count": 5,
      "mean": 134.01,
      "std": 12.214520502709513,
      "percentage": 5.05050505050505
    }
  }
}