{
  "clusters": {
    "1": {
      "count": 1,
      "mean": 1375.5666666666666,
      "std": 0.0,
      "min": 1375.5666666666666,
      "max": 1375.5666666666666
    },
    "2": {
      "count": 1,
      "mean": 980.1666666666666,
      "std": 0.0,
      "min": 980.1666666666666,
      "max": 980.1666666666666
    },
    "3": {
      "count": 7,
      "mean": 65.1547619047619,
      "std": 7.338384160438032,
      "min": 55.983333333333334,
      "max": 78.76666666666667
    },
    "4": {
      "count": 44,
      "mean": 4.296212121212123,
      "std": 3.471316199516372,
      "min": 0.0,
      "max": 11.75
    },
    "5": {
      "count": 36,
      "mean": 25.362037037037037,
      "std": 7.649963296844809,
      "min": 14.333333333333334,
      "max": 43.18333333333333
    },
    "6": {
      "count": 3,
      "mean": 311.50555555555553,
      "std": 41.23375624801829,
      "min": 266.28333333333336,
      "max": 366.0
    },
    "7": {
      "count": 2,
      "mean": 208.63333333333333,
      "std": 15.483333333333334,
      "min": 193.15,
      "max": 224.11666666666667
    },
    "8": {
      "count": 5,
      "mean": 134.01,
      "std": 12.214520502709513,
      "min": 114.91666666666667,
      "max": 148.45
    }
  },
  "automation_score": 40,
  "evidence": [
    "\u4e3b\u7c07\u6807\u51c6\u5dee<5\u5206\u949f\uff0c\u9ad8\u5ea6\u89c4\u5f8b(44\u4e2a\u6837\u672c)"
  ],
  "outliers_count": 2,
  "total_intervals": 99
}